id,cargo,cat,count_pas,date_plan,date_src,duration,emp_f,emp_m,note,note_begin,note_end,src,status,time_begin,time_end,time_plan,track,pas_id,st_begin_id,st_end_id
488037,,ИК,1,24.04.2024,20.04.2024 12:06:20,00:48:00,0,4,,,,,Заявка закончена,09:22:10,09:51:44,9:30:00,,1,149,174
488041,,ИК,1,24.04.2024,20.04.2024 12:07:36,00:48:00,0,4,,,,,Заявка закончена,16:08:45,16:52:19,16:15:00,,1,174,149
489194,,ИЗТ,1,24.04.2024,23.04.2024 16:47:47,00:47:50,1,0,,,,,Заявка закончена,14:21:00,15:09:21,14:40:00,,2,17,169
489388,,ИЗТ,1,24.04.2024,24.04.2024 13:09:41,01:02:05,1,0,,,,,Заявка закончена,15:38:25,16:47:13,16:00:00,,3,412,124
489389,,ИЗТ,1,24.04.2024,24.04.2024 13:10:25,01:02:05,1,0,,,,,Заявка закончена,20:57:22,22:04:02,21:00:00,,3,124,412
488622,,ИК,1,24.04.2024,21.04.2024 22:41:53,01:08:40,0,4,,,,,Заявка закончена,08:59:36,10:03:08,9:00:00,,4,111,1
488623,,ИК,1,24.04.2024,21.04.2024 22:42:19,00:47:20,0,4,,,,,Заявка закончена,18:30:28,19:16:01,18:30:00,,4,102,111
489131,,ДИ,1,24.04.2024,23.04.2024 13:42:30,01:13:20,0,3,,,,,Заявка закончена,14:00:32,15:03:44,14:00:00,,5,187,118
489190,,ДИ,1,24.04.2024,23.04.2024 16:38:41,01:13:20,0,3,,,,,Заявка закончена,19:51:15,20:55:46,20:00:00,,5,118,187
484122,,ДИ,1,24.04.2024,07.04.2024 9:25:34,00:53:20,0,3,,,,,Заявка закончена,14:28:29,15:20:56,14:30:00,,6,117,73
484123,,ДИ,1,24.04.2024,07.04.2024 9:25:47,00:55:20,0,3,,,,,Заявка закончена,18:02:25,18:45:48,18:00:00,,6,73,117
488886,,ИЗТ,1,24.04.2024,22.04.2024 19:13:19,01:11:30,1,0,,,,,Заявка закончена,06:52:08,07:40:14,6:46:00,,7,6,107
489289,,ИЗТ,1,24.04.2024,24.04.2024 8:04:44,00:54:30,1,0,,,,,Заявка закончена,14:27:39,15:00:10,14:30:00,,7,107,34
488104,,ДИ,1,24.04.2024,20.04.2024 13:52:38,00:37:50,0,4,,,,,Заявка закончена,07:33:11,08:02:44,7:30:00,,8,114,109
489158,,ИЗТ,1,24.04.2024,23.04.2024 14:36:02,00:51:30,1,0,,,,,Заявка закончена,13:26:56,14:10:40,13:31:00,,9,61,175
488674,,ДИ,1,24.04.2024,22.04.2024 9:29:58,00:37:00,0,3,,,,,Заявка закончена,09:08:24,09:37:10,9:00:00,,10,89,81
488744,,ДИ,1,24.04.2024,22.04.2024 11:58:28,00:43:05,0,3,,,,,Отмена заявки по просьбе пассажира,00:00:00,00:00:00,12:00:00,,11,53,90
488745,,ДИ,1,24.04.2024,22.04.2024 11:58:45,00:45:05,0,3,,,,,Отмена заявки по просьбе пассажира,00:00:00,00:00:00,18:40:00,,11,90,53
489200,,ДИ,1,24.04.2024,23.04.2024 17:05:09,01:28:25,0,3,,,,,Не подтверждена,00:00:00,00:00:00,9:30:00,,12,259,187
489202,,ДИ,1,24.04.2024,23.04.2024 17:06:22,01:28:25,0,3,,,,,Не подтверждена,00:00:00,00:00:00,12:30:00,,12,187,259
488858,,ИЗТ,1,24.04.2024,22.04.2024 17:54:33,01:16:10,1,0,,,,,Заявка закончена,15:40:00,16:19:00,15:45:00,,13,96,122
488859,,ИЗТ,1,24.04.2024,22.04.2024 17:54:54,01:16:10,1,0,,,,,Заявка закончена,18:29:54,19:25:33,18:45:00,,13,122,96
488176,,ИЗТ,1,24.04.2024,20.04.2024 19:11:56,00:53:10,1,0,,,,,Заявка закончена,08:03:00,08:48:39,8:00:00,,14,213,224
488180,,ИЗТ,1,24.04.2024,20.04.2024 19:13:25,00:53:10,1,0,,,,,Заявка закончена,19:08:18,20:01:08,19:05:00,,14,224,213
488966,,ИЗТ,1,24.04.2024,23.04.2024 8:29:51,00:56:20,1,0,,,,,Заявка закончена,07:06:25,07:40:58,7:10:00,,15,250,361
487356,,ИО,1,24.04.2024,18.04.2024 8:55:04,00:44:00,0,2,,,,,Заявка закончена,17:02:57,18:00:30,17:00:00,,16,135,34
488979,,ИЗ,1,24.04.2024,23.04.2024 9:27:25,01:08:30,1,0,,,,,Заявка закончена,07:40:50,08:30:13,7:45:00,,17,149,246
488983,,ИЗ,1,24.04.2024,23.04.2024 9:28:14,00:58:20,1,0,,,,,Заявка закончена,17:44:28,18:38:28,17:45:00,,17,246,149
488686,,ИЗТ,1,24.04.2024,22.04.2024 9:57:26,00:58:25,1,0,,,,,Заявка закончена,06:38:11,07:28:48,6:30:00,,18,43,142
489204,,ИЗТ,1,24.04.2024,23.04.2024 17:07:50,00:55:00,1,0,,,,,Заявка закончена,12:59:02,13:54:12,12:54:00,,19,80,18
488202,,ИЗТ,1,24.04.2024,20.04.2024 19:40:20,01:48:00,1,0,,,,,Заявка закончена,09:27:16,10:46:15,9:30:00,,20,42,64
488203,,ИЗТ,1,24.04.2024,20.04.2024 19:41:09,01:53:00,1,0,,,,,Заявка закончена,15:41:40,17:38:24,16:00:00,,20,64,42
489304,,ДИ,1,24.04.2024,24.04.2024 9:07:54,00:32:55,0,3,,,,,Не подтверждена,00:00:00,00:00:00,16:00:00,,21,183,180
489305,,ДИ,1,24.04.2024,24.04.2024 9:08:32,00:32:55,0,3,,,,,Не подтверждена,00:00:00,00:00:00,19:30:00,,21,180,183
489269,,ИЗТ,1,24.04.2024,23.04.2024 23:34:27,01:27:30,1,0,,,,,Заявка закончена,16:37:31,17:40:24,16:40:00,,22,122,66
487616,,ДИ,1,24.04.2024,19.04.2024 8:39:07,01:07:00,0,4,,,,,Заявка закончена,08:45:28,09:47:12,8:50:00,,23,48,109
487620,,ДИ,1,24.04.2024,19.04.2024 8:39:43,01:07:00,0,4,,,,,Заявка закончена,13:35:24,14:25:10,13:40:00,,23,109,48
489206,,ИЗТ,1,24.04.2024,23.04.2024 17:26:46,01:03:20,1,0,,,,,Заявка закончена,18:32:35,19:36:30,18:30:00,,24,46,255
488357,,ДИ,1,24.04.2024,21.04.2024 12:13:27,00:44:20,0,4,,,,,Заявка закончена,08:41:17,09:21:00,8:40:00,,25,170,109
488361,,ДИ,1,24.04.2024,21.04.2024 12:14:08,00:44:20,0,4,,,,,Заявка закончена,13:00:37,13:31:17,13:00:00,,25,109,170
487460,,ИЗТ,1,24.04.2024,18.04.2024 13:46:32,01:13:10,1,0,,,,,Заявка закончена,12:39:31,13:51:42,12:45:00,,26,138,93
487461,,ИЗТ,1,24.04.2024,18.04.2024 13:47:12,01:13:10,1,0,,,,,Заявка закончена,17:49:14,19:18:06,18:00:00,,26,93,138
481488,,ИЗ,1,24.04.2024,29.03.2024 18:10:13,00:42:15,1,0,,,,,Заявка закончена,06:11:26,06:52:04,6:10:00,,27,87,51
488497,,ИЗ,1,24.04.2024,21.04.2024 17:29:30,00:32:00,1,0,,,,,Заявка закончена,15:38:52,16:09:32,15:45:00,,28,97,94
488972,,ИЗТ,1,24.04.2024,23.04.2024 9:23:57,00:47:50,0,1,,,,,Заявка закончена,15:26:47,16:00:48,15:30:00,,29,117,116
488973,,ИЗТ,1,24.04.2024,23.04.2024 9:24:16,00:47:50,0,1,,,,,Заявка закончена,16:27:00,17:00:19,16:30:00,,29,116,117
488977,,ИЗТ,1,24.04.2024,23.04.2024 9:25:30,00:47:50,0,1,,,,,Заявка закончена,17:26:24,17:59:10,17:30:00,,29,117,116
488978,,ИЗТ,1,24.04.2024,23.04.2024 9:26:46,00:47:50,0,1,,,,,Заявка закончена,18:34:26,19:19:23,18:30:00,,29,116,117
489154,,ДИ,1,24.04.2024,23.04.2024 14:29:50,00:34:00,0,3,,,,,Заявка закончена,08:30:00,09:04:00,8:30:00,,30,296,292
489155,,ДИ,1,24.04.2024,23.04.2024 14:30:25,00:34:00,0,3,,,,,Заявка закончена,13:30:00,14:04:00,13:30:00,,30,292,296
488974,,ДИ,1,24.04.2024,23.04.2024 9:24:58,00:32:00,0,3,,,,,Заявка закончена,12:17:32,12:29:41,12:20:00,,31,365,40
488770,,ПЛ,1,24.04.2024,22.04.2024 12:54:06,01:00:00,0,1,,,,,Заявка закончена,13:51:00,14:44:52,14:00:00,,32,140,118
482595,,ДИ,1,24.04.2024,01.04.2024 20:49:23,00:25:00,0,3,,,,,Заявка закончена,11:10:23,11:17:59,11:05:00,,33,161,161
489182,,ИЗТ,1,24.04.2024,23.04.2024 15:57:14,01:05:00,1,0,,,,,Заявка закончена,13:35:10,14:39:25,13:30:00,,34,1,24
488515,,ИЗТ,1,24.04.2024,21.04.2024 18:35:00,00:58:25,1,0,,,,,Заявка закончена,07:48:07,08:29:07,7:50:00,,35,97,246
488521,,ИЗТ,1,24.04.2024,21.04.2024 18:35:51,00:52:00,1,0,,,,,Заявка закончена,16:48:00,17:27:00,16:45:00,,35,246,97
489179,,ИЗ,1,24.04.2024,23.04.2024 15:44:52,00:48:00,1,0,,,,,Отмена заявки по просьбе пассажира,00:00:00,00:00:00,9:30:00,,36,341,122
489180,,ИЗ,1,24.04.2024,23.04.2024 15:45:29,00:53:00,1,0,,,,,Отмена заявки по просьбе пассажира,00:00:00,00:00:00,14:00:00,,36,122,341
488625,,ПЛ,1,24.04.2024,21.04.2024 23:38:14,01:12:25,0,1,,,,,Заявка закончена,13:55:51,15:00:37,14:00:00,,37,179,289
486441,,ИО,1,24.04.2024,14.04.2024 19:35:19,01:11:40,0,1,,,,,Заявка закончена,09:42:48,10:39:36,10:00:00,,38,42,28
486447,,ИО,1,24.04.2024,14.04.2024 19:35:59,01:11:40,0,1,,,,,Заявка закончена,19:15:25,20:14:35,19:30:00,,38,28,42
487995,,ИЗТ,1,24.04.2024,20.04.2024 11:04:33,00:59:40,1,0,,,,,Заявка закончена,09:02:25,09:39:45,9:00:00,,39,116,122
488000,,ИЗТ,1,24.04.2024,20.04.2024 11:05:02,01:04:40,1,0,,,,,Заявка закончена,16:43:39,17:39:35,16:50:00,,39,122,116
489378,,ИЗТ,1,24.04.2024,24.04.2024 12:45:43,01:41:45,1,0,,,,,Не подтверждена,00:00:00,00:00:00,16:20:00,,40,1,409
488991,,ИЗТ,1,24.04.2024,23.04.2024 9:33:50,00:49:00,1,0,,,,,Заявка закончена,09:30:00,10:19:00,9:30:00,,41,297,304
488992,,ИЗТ,1,24.04.2024,23.04.2024 9:34:27,01:13:30,1,0,,,,,Заявка закончена,10:14:39,10:44:33,10:00:00,,41,304,122
488994,,ИЗТ,1,24.04.2024,23.04.2024 9:34:58,01:13:30,1,0,,,,,Заявка закончена,14:03:01,14:30:33,14:00:00,,41,122,304
488996,,ИЗТ,1,24.04.2024,23.04.2024 9:35:10,00:49:00,1,0,,,,,Заявка закончена,14:30:00,15:19:00,14:30:00,,41,304,297
487882,,ИЗТ,1,24.04.2024,19.04.2024 21:02:55,00:38:40,1,0,,,,,Заявка закончена,07:58:38,08:34:19,8:15:00,,42,106,224
487887,,ИЗТ,1,24.04.2024,19.04.2024 21:03:54,00:50:40,1,0,,,,,Заявка закончена,17:02:28,17:45:31,17:05:00,,42,224,106
488384,,ДИ,1,24.04.2024,21.04.2024 12:58:01,00:41:00,0,3,,,,,Заявка закончена,17:40:15,18:07:46,17:45:00,,43,165,159
489115,,ИЗТ,1,24.04.2024,23.04.2024 13:16:04,01:12:40,1,0,,,,,Отмена заявки по просьбе пассажира,00:00:00,00:00:00,8:30:00,,44,40,26
489116,,ИЗТ,1,24.04.2024,23.04.2024 13:17:04,01:32:40,1,0,,,,,Заявка закончена,13:47:46,14:43:39,14:00:00,,44,26,35
489117,,ИЗТ,1,24.04.2024,23.04.2024 13:17:58,01:20:00,1,0,,,,,Заявка закончена,22:02:25,22:39:49,22:00:00,,44,35,40
487861,,ИЗ,1,24.04.2024,19.04.2024 19:29:32,01:00:10,1,0,,,,,Заявка закончена,06:42:29,07:45:37,6:50:00,,45,142,224
487863,,ИЗ,1,24.04.2024,19.04.2024 19:30:10,01:07:10,1,0,,,,,Заявка закончена,17:00:59,18:13:39,17:05:00,,45,224,142
481251,,ИК,1,24.04.2024,29.03.2024 8:48:27,00:54:40,0,4,,,,,Заявка закончена,07:10:34,07:54:50,7:10:00,,46,93,13
484238,,ИЗТ,1,24.04.2024,07.04.2024 13:16:08,00:59:00,1,0,,,,,Заявка закончена,06:56:33,07:47:46,6:50:00,,47,135,34
489361,,ИЗТ,1,24.04.2024,24.04.2024 11:44:37,00:28:00,1,0,,,,,Заявка закончена,17:56:00,18:12:52,17:00:00,,48,81,57
488946,,ИЗТ,1,24.04.2024,23.04.2024 7:38:58,01:09:15,1,0,,,,,Заявка закончена,06:54:57,07:56:10,7:10:00,,49,40,246
488952,,ИЗТ,1,24.04.2024,23.04.2024 7:40:31,01:13:30,1,0,,,,,Заявка закончена,17:05:29,18:25:07,17:10:00,,49,246,40
487735,,ИК,1,24.04.2024,19.04.2024 13:04:05,00:54:00,0,4,,,,,Заявка закончена,14:56:27,15:56:21,15:00:00,,50,96,123
487736,,ИК,1,24.04.2024,19.04.2024 13:04:42,00:57:00,0,4,,,,,Заявка закончена,20:02:17,21:04:25,20:00:00,,50,123,97
488668,,ИЗТ,1,24.04.2024,22.04.2024 9:16:21,01:06:40,1,0,,,,,Заявка закончена,11:16:54,12:14:45,11:30:00,,51,139,97
488669,,ИЗТ,1,24.04.2024,22.04.2024 9:16:38,01:06:40,1,0,,,,,Заявка закончена,18:33:41,19:31:14,18:30:00,,51,97,139
489267,,ИЗТ,1,24.04.2024,23.04.2024 22:59:58,00:48:45,1,0,,,,,Заявка закончена,13:42:02,14:32:21,13:40:00,,52,250,56
489268,,ИЗТ,1,24.04.2024,23.04.2024 23:06:55,00:48:45,1,0,,,,,Заявка закончена,15:02:51,15:48:14,15:15:00,,52,56,250
487724,,ДИ,1,24.04.2024,19.04.2024 12:54:02,02:05:50,0,3,,,,,Отмена заявки по просьбе пассажира,00:00:00,00:00:00,6:30:00,,53,197,96
487728,,ДИ,1,24.04.2024,19.04.2024 12:54:33,02:05:50,0,3,,,,,Отмена заявки по просьбе пассажира,00:00:00,00:00:00,10:10:00,,53,96,197
487625,,ИО,1,24.04.2024,19.04.2024 8:42:45,00:35:00,0,1,,,,,Заявка закончена,08:54:43,09:26:57,9:00:00,,54,145,90
486993,,ИЗТ,1,24.04.2024,16.04.2024 19:11:53,01:10:15,1,0,,,,,Отмена заявки по просьбе пассажира,00:00:00,00:00:00,7:30:00,,55,169,246
486997,,ИЗТ,1,24.04.2024,16.04.2024 19:14:25,01:10:30,1,0,,,,,Отмена заявки по просьбе пассажира,00:00:00,00:00:00,16:40:00,,55,246,364
489192,,ИЗТ,1,24.04.2024,23.04.2024 16:42:53,01:17:20,1,0,,,,,Заявка закончена,13:07:16,14:16:19,13:15:00,,55,169,46
489193,,ИЗТ,1,24.04.2024,23.04.2024 16:43:51,01:13:20,1,0,,,,,Заявка закончена,17:57:46,19:17:56,18:00:00,,55,46,364
489177,,ИЗТ,1,24.04.2024,23.04.2024 15:38:19,00:41:35,1,0,,,,,Заявка закончена,14:56:07,15:24:33,15:00:00,,56,190,189
489178,,ИЗТ,1,24.04.2024,23.04.2024 15:38:34,00:41:35,1,0,,,,,Заявка закончена,18:24:10,19:10:02,18:30:00,,56,189,190
488365,,ИЗТ,1,24.04.2024,21.04.2024 12:25:25,00:43:00,1,0,,,,,Заявка закончена,06:53:18,07:14:57,7:00:00,,57,59,91
488370,,ИЗТ,1,24.04.2024,21.04.2024 12:26:02,00:41:00,1,0,,,,,Заявка закончена,14:33:16,15:06:12,14:30:00,,57,91,81
488880,,ИЗ,1,24.04.2024,22.04.2024 18:50:03,01:11:20,1,0,,,,,Заявка закончена,11:31:48,12:17:33,11:40:00,,58,151,122
488881,,ИЗ,1,24.04.2024,22.04.2024 18:50:39,01:16:20,1,0,,,,,Заявка закончена,15:09:21,16:00:58,15:00:00,,58,122,151
489208,,ИЗТ,1,24.04.2024,23.04.2024 18:18:09,01:23:30,1,0,,,,,Заявка закончена,15:16:16,16:19:32,15:30:00,,59,41,122
489284,,ИО,1,24.04.2024,24.04.2024 5:39:35,01:25:30,0,2,,,,,Не подтверждена,00:00:00,00:00:00,15:00:00,,60,138,60
489285,,ИО,1,24.04.2024,24.04.2024 5:40:18,01:31:40,0,2,,,,,Не подтверждена,00:00:00,00:00:00,17:30:00,,60,60,138
488716,,ИЗТ,1,24.04.2024,22.04.2024 11:01:22,01:04:25,1,0,,,,,Заявка закончена,08:24:05,09:17:10,8:15:00,,61,66,50
488717,,ИЗТ,1,24.04.2024,22.04.2024 11:01:35,02:01:35,1,0,,,,,Отмена заявки по неявке пассажира,00:00:00,00:00:00,13:30:00,,61,51,66
489376,,ИЗТ,1,24.04.2024,24.04.2024 12:29:06,00:53:30,1,0,,,,,Заявка закончена,16:05:26,17:03:44,16:05:00,,61,9,66
487705,,ДИ,1,24.04.2024,19.04.2024 12:21:19,00:39:20,0,3,,,,,Отмена заявки по просьбе пассажира,00:00:00,00:00:00,7:15:00,,62,168,109
487710,,ДИ,1,24.04.2024,19.04.2024 12:22:53,00:39:20,0,3,,,,,Отмена заявки по просьбе пассажира,00:00:00,00:00:00,14:30:00,,62,109,168
487932,,ИЗТ,1,24.04.2024,20.04.2024 7:20:28,00:46:00,1,0,,,,,Заявка закончена,07:53:22,08:28:00,7:50:00,,63,51,246
487937,,ИЗТ,1,24.04.2024,20.04.2024 7:21:40,00:48:00,1,0,,,,,Заявка закончена,11:47:56,12:28:08,11:50:00,,63,246,344
487748,,ИЗТ,1,24.04.2024,19.04.2024 13:23:43,00:55:00,1,0,,,,,Заявка закончена,07:23:50,08:01:38,7:15:00,,64,93,361
489272,,ИЗТ,1,24.04.2024,24.04.2024 0:32:19,00:43:30,1,0,,,,,Заявка закончена,16:13:03,16:44:44,16:10:00,,65,73,224
489277,,ИЗТ,1,24.04.2024,24.04.2024 0:34:07,00:41:30,1,0,,,,,Заявка закончена,20:44:45,21:18:00,20:30:00,,65,224,73
482974,,ДИ,1,24.04.2024,03.04.2024 12:04:13,00:46:00,0,3,,,,,Заявка закончена,09:06:00,10:28:03,8:58:00,,66,29,6
487468,,РДК,1,24.04.2024,18.04.2024 14:05:35,00:57:20,0,2,,,,,Заявка закончена,16:28:00,17:29:00,16:30:00,,67,140,349
488821,,ИЗТ,1,24.04.2024,22.04.2024 16:02:45,01:07:20,1,0,,,,,Заявка закончена,07:13:37,08:01:33,7:10:00,,68,109,361
488825,,ИЗТ,1,24.04.2024,22.04.2024 16:04:32,01:07:20,1,0,,,,,Заявка закончена,11:38:22,12:31:02,11:50:00,,68,361,109
489110,,ИЗ,1,24.04.2024,23.04.2024 13:12:00,00:59:10,1,0,,,,,Заявка закончена,08:09:25,09:07:23,8:00:00,,69,73,139
489111,,ИЗ,1,24.04.2024,23.04.2024 13:12:25,00:52:10,1,0,,,,,Заявка закончена,16:42:17,17:42:21,16:45:00,,69,139,73
487542,,ПЛ,1,24.04.2024,18.04.2024 18:19:24,00:46:00,0,1,,,,,Заявка закончена,06:36:00,07:23:57,6:46:00,,70,29,6
486665,,ИК,1,24.04.2024,15.04.2024 15:12:25,00:47:50,0,4,,,,,Заявка закончена,08:46:38,09:29:49,8:45:00,,71,87,6
488504,,ИЗ,1,24.04.2024,21.04.2024 18:31:13,01:20:10,1,0,,,,,Заявка закончена,06:57:36,07:55:07,6:55:00,,72,422,224
488510,,ИЗ,1,24.04.2024,21.04.2024 18:33:05,01:20:10,1,0,,,,,Заявка закончена,18:07:00,19:05:01,18:00:00,,72,224,422
488776,,ОГД,1,24.04.2024,22.04.2024 13:10:38,00:46:20,2,0,,,,,Отказ по регламенту,00:00:00,00:00:00,12:45:00,,73,93,5
489043,,ИЗТ,1,24.04.2024,23.04.2024 11:18:41,01:01:50,1,0,,,,,Заявка закончена,11:15:19,11:54:23,10:50:00,,74,72,133
489044,,ИЗТ,1,24.04.2024,23.04.2024 11:19:15,00:59:50,1,0,,,,,Заявка закончена,13:21:40,14:20:53,13:50:00,,74,133,72
489143,,ИК,1,24.04.2024,23.04.2024 14:13:07,01:02:40,0,4,,,,,Не подтверждена,00:00:00,00:00:00,12:00:00,,75,173,10
489145,,ИО,1,24.04.2024,23.04.2024 14:16:41,00:36:00,0,2,,,,,Заявка закончена,14:57:25,15:20:14,15:00:00,,75,32,6
488318,,ОВ,1,24.04.2024,21.04.2024 10:34:07,00:49:30,0,1,,,,,Отмена заявки по просьбе пассажира,00:00:00,00:00:00,7:35:00,,76,74,133
489094,,ДИ,1,24.04.2024,23.04.2024 12:51:38,00:29:00,0,3,,,,,Заявка закончена,10:34:14,10:49:38,10:30:00,,77,2,3
489219,,ИЗ,1,24.04.2024,23.04.2024 18:53:19,01:07:30,1,0,,,,,Заявка закончена,15:59:30,17:09:51,16:00:00,,78,130,122
489220,,ИЗ,1,24.04.2024,23.04.2024 18:53:38,01:07:30,1,0,,,,,Заявка закончена,18:25:31,19:10:12,18:30:00,,78,122,130
488903,,ИО,1,24.04.2024,22.04.2024 21:00:46,01:03:40,0,2,,,,,Заявка закончена,09:32:55,10:26:30,9:30:00,,79,139,96
489489,,ИО,1,24.04.2024,24.04.2024 18:33:11,01:00:00,0,2,,,,,Заявка закончена,23:19:00,00:14:00,23:20:00,,79,89,139
485822,,ИЗТ,1,24.04.2024,13.04.2024 8:49:50,01:30:40,1,0,,,,,Заявка закончена,11:55:10,12:55:34,12:00:00,,80,96,134
485823,,ИЗТ,1,24.04.2024,13.04.2024 8:50:12,01:30:40,1,0,,,,,Заявка закончена,18:58:14,20:03:21,18:55:00,,80,134,96
489148,,ИК,1,24.04.2024,23.04.2024 14:19:13,01:02:40,0,4,,,,,Не подтверждена,00:00:00,00:00:00,12:00:00,,81,173,10
489153,,ИК,1,24.04.2024,23.04.2024 14:28:31,00:41:00,0,4,,,,,Заявка закончена,14:57:33,15:20:32,15:00:00,,81,32,6
487162,,ДИ,1,24.04.2024,17.04.2024 13:23:13,00:48:00,0,3,,,,,Заявка закончена,15:35:45,16:26:20,15:37:00,,82,29,96
487164,,ДИ,1,24.04.2024,17.04.2024 13:29:15,00:48:00,0,3,,,,,Заявка закончена,20:07:18,20:42:11,20:00:00,,82,96,29
488273,,ДИ,1,24.04.2024,21.04.2024 8:09:18,00:59:35,0,4,,,,,Отмена заявки по просьбе пассажира,00:00:00,00:00:00,8:10:00,,83,149,73
488275,,ДИ,1,24.04.2024,21.04.2024 8:10:05,01:01:35,0,4,,,,,Отмена заявки по просьбе пассажира,00:00:00,00:00:00,15:50:00,,83,73,149
488842,,ДИ,1,24.04.2024,22.04.2024 17:03:15,01:00:10,0,3,,,,,Отмена заявки по просьбе пассажира,00:00:00,00:00:00,14:30:00,,84,1,17
488843,,ДИ,1,24.04.2024,22.04.2024 17:03:32,01:00:10,0,3,,,,,Отмена заявки по просьбе пассажира,00:00:00,00:00:00,18:30:00,,84,17,1
489327,,ИУ,1,24.04.2024,24.04.2024 10:32:33,00:47:00,1,0,,,,,Заявка закончена,12:50:09,13:33:36,13:00:00,,85,210,34
489018,,ДИ,1,24.04.2024,23.04.2024 10:22:56,01:01:45,0,3,,,,,Заявка закончена,13:55:55,14:52:14,14:00:00,,86,256,6
487157,,ДИ,1,24.04.2024,17.04.2024 13:14:44,00:55:10,0,2,,,,,Заявка закончена,09:28:28,10:33:37,9:45:00,,87,20,175
487158,,ДИ,1,24.04.2024,17.04.2024 13:15:27,00:52:10,0,2,,,,,Заявка закончена,14:06:10,14:47:20,14:00:00,,87,158,20
487160,,РДК,1,24.04.2024,17.04.2024 13:17:53,00:55:10,0,2,,,,,Заявка закончена,09:31:28,10:33:42,9:45:00,,88,20,175
487161,,РДК,1,24.04.2024,17.04.2024 13:18:25,00:52:10,0,2,,,,,Заявка закончена,14:06:45,14:47:34,14:00:00,,88,158,20
488135,,ДИ,1,24.04.2024,20.04.2024 15:58:34,00:31:55,0,3,,,,,Заявка закончена,08:39:37,09:05:37,8:25:00,,89,190,187
488139,,ДИ,1,24.04.2024,20.04.2024 15:59:00,00:31:55,0,3,,,,,Заявка закончена,15:01:09,15:17:26,15:00:00,,89,187,190
487168,,ДИ,1,24.04.2024,17.04.2024 13:33:45,00:48:00,0,3,,,,,Заявка закончена,15:35:53,16:26:25,15:37:00,,90,29,96
487171,,ДИ,1,24.04.2024,17.04.2024 13:34:28,00:48:00,0,3,,,,,Заявка закончена,19:23:44,20:42:22,20:00:00,,90,96,29
489127,,ИК,1,24.04.2024,23.04.2024 13:23:36,00:51:00,0,4,,,,,Заявка закончена,10:35:05,11:13:10,10:30:00,,91,133,90
489128,,ИК,1,24.04.2024,23.04.2024 13:24:10,00:52:10,0,4,,,,,Заявка закончена,12:03:58,12:52:58,12:00:00,,91,90,133
489207,,ИО,1,24.04.2024,23.04.2024 18:14:27,00:47:20,0,2,,,,,Заявка закончена,18:42:35,19:29:27,18:45:00,,92,35,96
488523,,ИЗ,1,24.04.2024,21.04.2024 18:35:55,00:35:00,1,0,,,,,Отмена заявки по неявке пассажира,00:00:00,00:00:00,14:20:00,,93,3,81
489019,,ИЗ,1,24.04.2024,23.04.2024 10:23:00,00:58:30,1,0,,,,,Заявка закончена,10:23:14,11:08:07,10:20:00,,93,3,181
489022,,ИЗ,1,24.04.2024,23.04.2024 10:25:11,00:58:30,1,0,,,,,Заявка закончена,11:58:43,12:50:36,11:50:00,,93,181,3
488237,,ДИ,1,24.04.2024,20.04.2024 22:26:17,00:55:10,0,3,,,,,Заявка закончена,10:21:59,11:29:05,10:15:00,,94,19,90
488240,,ДИ,1,24.04.2024,20.04.2024 22:27:06,00:55:10,0,3,,,,,Заявка закончена,16:56:21,17:39:02,17:00:00,,94,90,19
488527,,ИЗ,1,24.04.2024,21.04.2024 18:37:27,00:35:00,1,0,,,,,Отмена заявки по неявке пассажира,00:00:00,00:00:00,14:20:00,,95,3,81
489067,,ИЗ,1,24.04.2024,23.04.2024 12:27:50,00:58:30,1,0,,,,,Заявка закончена,10:23:14,11:16:57,10:20:00,,95,3,181
489068,,ИЗ,1,24.04.2024,23.04.2024 12:28:10,01:03:30,1,0,,,,,Заявка закончена,11:56:43,12:46:44,11:50:00,,95,181,3
481183,,ИЗ,1,24.04.2024,28.03.2024 21:52:59,01:13:00,1,0,,,,,Отмена заявки по просьбе пассажира,00:00:00,00:00:00,7:51:00,,96,284,246
481199,,ИЗ,1,24.04.2024,28.03.2024 21:55:27,01:08:00,1,0,,,,,Отмена заявки по просьбе пассажира,00:00:00,00:00:00,17:40:00,,96,246,284
488894,,ИК,1,24.04.2024,22.04.2024 19:58:13,00:34:00,0,4,,,,,Заявка закончена,09:26:56,09:40:57,9:30:00,,97,37,365
487501,,ДИ,1,24.04.2024,18.04.2024 15:44:10,00:30:20,0,3,,,,,Заявка закончена,07:50:00,07:59:41,7:45:00,,98,350,109
489029,,ИЗТ,1,24.04.2024,23.04.2024 10:29:27,00:44:30,1,0,,,,,Заявка закончена,13:11:08,13:44:02,13:10:00,,99,73,224
489030,,ИЗТ,1,24.04.2024,23.04.2024 10:29:58,00:55:30,1,0,,,,,Заявка закончена,20:35:18,21:12:58,20:40:00,,99,224,30
489035,,ИЗТ,1,24.04.2024,23.04.2024 10:48:46,00:34:20,1,0,,,,,Заявка закончена,21:40:04,22:17:41,21:40:00,,99,30,73
480889,,ИЗТ,1,24.04.2024,27.03.2024 20:17:45,01:50:00,1,0,,,,,Заявка закончена,06:11:28,07:29:25,6:20:00,,100,256,249
480915,,ИЗТ,1,24.04.2024,27.03.2024 20:23:15,01:50:00,1,0,,,,,Заявка закончена,15:10:16,16:19:45,15:10:00,,100,249,256
489048,,ИК,1,24.04.2024,23.04.2024 11:37:06,00:48:00,0,4,,,,,Заявка закончена,15:36:11,16:26:39,15:37:00,,101,29,96
489049,,ИК,1,24.04.2024,23.04.2024 11:37:41,00:48:00,0,4,,,,,Заявка закончена,20:07:00,20:44:02,20:00:00,,101,96,29
489211,,ИЗТ,1,24.04.2024,23.04.2024 18:25:16,00:56:05,1,0,,,,,Заявка закончена,10:55:58,12:36:45,11:10:00,,102,410,124
489212,,ИЗТ,1,24.04.2024,23.04.2024 18:25:50,00:56:05,1,0,,,,,Заявка закончена,15:07:42,16:02:22,15:00:00,,102,124,410
488454,,ИЗ,1,24.04.2024,21.04.2024 15:24:45,00:59:00,1,0,,,,,Заявка закончена,08:42:00,09:37:24,8:40:00,,103,63,364
488059,,ДИ,1,24.04.2024,20.04.2024 12:36:41,01:01:30,0,3,,,,,Отмена заявки по просьбе пассажира,00:00:00,00:00:00,9:45:00,,104,64,17
488286,,ДИ,1,24.04.2024,21.04.2024 9:14:49,00:43:20,0,3,,,,,Заявка закончена,09:45:09,10:19:18,9:40:00,,105,182,140
488287,,ДИ,1,24.04.2024,21.04.2024 9:15:08,01:05:00,0,3,,,,,Заявка закончена,12:09:03,13:09:19,12:10:00,,105,140,118
488255,,ИК,1,24.04.2024,21.04.2024 5:57:03,01:03:20,0,4,,,,,Заявка закончена,11:55:08,12:58:43,12:00:00,,106,117,164
488260,,ИК,1,24.04.2024,21.04.2024 5:58:13,01:03:20,0,4,,,,,Заявка закончена,19:10:00,20:00:45,19:10:00,,106,164,117
477354,,ИЗТ,1,24.04.2024,15.03.2024 22:48:43,00:52:20,1,0,,,,,Заявка закончена,07:13:52,07:51:11,7:30:00,,107,5,97
477370,,ИЗТ,1,24.04.2024,15.03.2024 22:51:28,01:07:20,1,0,,,,,Заявка закончена,15:07:12,16:17:21,15:10:00,,107,97,5
488575,,ДИ,1,24.04.2024,21.04.2024 20:10:36,00:45:00,0,3,,,,,Заявка закончена,09:11:08,09:41:55,9:10:00,,108,6,34
489069,,ДИ,1,24.04.2024,23.04.2024 12:28:10,00:44:00,0,3,,,,,Заявка закончена,10:43:28,11:25:26,10:45:00,,109,133,84
489119,,ИУ,1,24.04.2024,23.04.2024 13:19:12,01:14:20,1,0,,,,,Заявка закончена,16:31:43,17:51:06,16:30:00,,110,44,94
488248,,ИЗТ,1,24.04.2024,20.04.2024 22:42:23,01:03:40,1,0,,,,,Заявка закончена,06:53:27,08:08:34,7:00:00,,111,172,29
489118,,ИУ,1,24.04.2024,23.04.2024 13:18:44,01:14:20,1,0,,,,,Заявка закончена,16:32:15,17:50:59,16:30:00,,112,44,94
489163,,ИК,1,24.04.2024,23.04.2024 15:07:36,00:39:05,0,4,,,,,Не подтверждена,00:00:00,00:00:00,12:20:00,,113,151,157
489165,,ИК,1,24.04.2024,23.04.2024 15:09:39,00:39:05,0,4,,,,,Заявка закончена,18:05:29,18:35:34,18:00:00,,113,157,151
488437,,ИЗТ,1,24.04.2024,21.04.2024 15:19:03,00:50:00,1,0,,,,,Заявка закончена,07:09:35,07:55:36,7:10:00,,114,3,91
488443,,ИЗТ,1,24.04.2024,21.04.2024 15:19:54,00:50:00,1,0,,,,,Заявка закончена,14:48:49,15:27:05,15:00:00,,114,91,3
488739,,ДИ,1,24.04.2024,22.04.2024 11:33:55,00:40:40,0,3,,,,,Заявка закончена,09:00:00,09:39:34,8:58:00,,115,29,34
485041,,ИЗ,1,24.04.2024,10.04.2024 12:15:09,00:25:00,1,0,,,,,Заявка закончена,07:13:01,07:31:04,7:15:00,,116,246,246
488944,,ИЗ,1,24.04.2024,23.04.2024 7:17:53,00:46:00,1,0,,,,,Заявка закончена,17:51:21,18:26:25,17:50:00,,116,246,174
488579,,ИК,1,24.04.2024,21.04.2024 20:31:16,01:03:00,0,4,,,,,Заявка закончена,13:30:00,14:28:12,13:30:00,,117,171,133
488580,,ИК,1,24.04.2024,21.04.2024 20:31:58,01:03:00,0,4,,,,,Заявка закончена,16:26:34,17:02:41,16:15:00,,117,133,171
488771,,ИК,1,24.04.2024,22.04.2024 13:02:41,01:10:15,0,4,,,,,Заявка закончена,10:39:32,11:42:15,10:40:00,,118,134,250
488863,,ИЗТ,1,24.04.2024,22.04.2024 18:07:24,01:06:00,1,0,,,,,Не подтверждена,00:00:00,00:00:00,19:25:00,,119,29,187
489057,,ИК,1,24.04.2024,23.04.2024 11:49:53,00:49:10,0,4,,,,,Заявка закончена,16:54:50,17:44:03,17:00:00,,120,109,56
487629,,ИЗТ,1,24.04.2024,19.04.2024 9:02:18,00:54:00,1,0,,,,,Заявка закончена,13:38:55,14:21:21,13:40:00,,121,133,34
487634,,ИЗТ,1,24.04.2024,19.04.2024 9:03:33,00:55:00,1,0,,,,,Заявка закончена,20:57:40,21:41:27,21:00:00,,121,34,133
488895,,РДК,1,24.04.2024,22.04.2024 20:03:47,00:49:00,0,1,,,,,Отмена заявки по просьбе пассажира,00:00:00,00:00:00,12:00:00,,122,1,143
488896,,РДК,1,24.04.2024,22.04.2024 20:04:42,00:49:00,0,1,,,,,Отмена заявки по просьбе пассажира,00:00:00,00:00:00,14:30:00,,122,143,1
488778,,ИЗ,1,24.04.2024,22.04.2024 13:22:19,01:08:50,1,0,,,,,Заявка закончена,09:23:43,10:23:28,9:20:00,,123,170,96
488779,,ИЗ,1,24.04.2024,22.04.2024 13:23:09,01:00:25,1,0,,,,,Заявка закончена,12:45:34,13:30:28,12:45:00,,123,96,246
488780,,ИЗ,1,24.04.2024,22.04.2024 13:23:36,01:13:20,1,0,,,,,Заявка закончена,20:13:12,21:15:38,20:15:00,,123,246,170
488554,,ИО,1,24.04.2024,21.04.2024 19:42:01,00:53:10,0,1,,,,,Отмена заявки по просьбе пассажира,00:00:00,00:00:00,15:00:00,,124,105,128
488559,,ИО,1,24.04.2024,21.04.2024 19:43:19,00:53:10,0,1,,,,,Отмена заявки по просьбе пассажира,00:00:00,00:00:00,19:50:00,,124,128,105
489261,,ИО,1,24.04.2024,23.04.2024 22:01:24,01:13:00,0,1,,,,,Заявка закончена,12:08:42,13:23:49,12:10:00,,124,128,332
489300,,ИО,1,24.04.2024,24.04.2024 8:51:19,00:55:30,0,1,,,,,Не подтверждена,00:00:00,00:00:00,17:50:00,,124,332,105
489050,,ИО,1,24.04.2024,23.04.2024 11:39:07,00:33:40,0,2,,,,,Заявка закончена,06:37:46,06:59:28,6:30:00,,125,35,29
489146,,ИЗ,1,24.04.2024,23.04.2024 14:17:40,00:45:20,1,0,,,,,Заявка закончена,09:29:42,10:06:27,9:30:00,,126,96,7
489147,,ИЗ,1,24.04.2024,23.04.2024 14:18:57,00:50:00,1,0,,,,,Заявка закончена,14:12:48,14:56:29,14:25:00,,126,7,91
489149,,ИЗ,1,24.04.2024,23.04.2024 14:20:42,00:45:00,1,0,,,,,Заявка закончена,15:46:12,16:50:15,15:40:00,,126,91,96
488747,,ИЗТ,1,24.04.2024,22.04.2024 12:12:24,00:56:45,1,0,,,,,Заявка закончена,10:14:02,10:54:51,10:15:00,,127,353,181
488750,,ИЗТ,1,24.04.2024,22.04.2024 12:13:12,00:56:45,1,0,,,,,Заявка закончена,14:47:16,15:17:45,14:45:00,,127,181,353
489045,,ПЛ,1,24.04.2024,23.04.2024 11:30:14,00:44:30,0,1,,,,,Заявка закончена,10:51:46,12:00:14,11:00:00,,128,129,138
489046,,РДК,1,24.04.2024,23.04.2024 11:31:26,00:51:00,0,2,,,,,Заявка закончена,11:46:10,12:25:35,11:40:00,,129,39,6
489047,,РДК,1,24.04.2024,23.04.2024 11:33:15,00:32:10,0,2,,,,,Заявка закончена,11:06:25,11:32:09,11:00:00,,130,347,16
489051,,РДК,1,24.04.2024,23.04.2024 11:39:24,00:20:00,0,2,,,,,Отмена заявки по просьбе пассажира,00:00:00,00:00:00,15:30:00,,130,16,16
487874,,ДИ,1,24.04.2024,19.04.2024 20:31:54,01:12:10,0,3,,,,,Отмена заявки по неявке пассажира,00:00:00,00:00:00,10:00:00,,131,199,157
487875,,ДИ,1,24.04.2024,19.04.2024 20:32:28,01:12:10,0,3,,,,,Отмена заявки по просьбе пассажира,00:00:00,00:00:00,19:15:00,,131,157,199
489087,,ИЗТ,1,24.04.2024,23.04.2024 12:45:25,00:59:20,1,0,,,,,Отмена заявки по неявке пассажира,00:00:00,00:00:00,10:58:00,,132,310,34
489354,,ИЗТ,1,24.04.2024,24.04.2024 11:28:45,00:34:00,1,1,,,,,Заявка закончена,12:19:43,12:51:38,12:30:00,,132,81,34
488862,,ИЗТ,1,24.04.2024,22.04.2024 18:06:52,01:11:00,1,0,,,,,Заявка закончена,08:54:04,09:41:14,9:00:00,,133,113,109
488864,,ИЗТ,1,24.04.2024,22.04.2024 18:07:37,01:11:00,1,0,,,,,Заявка закончена,09:54:40,10:46:20,10:15:00,,133,109,113
489226,,ИЗ,1,24.04.2024,23.04.2024 19:24:18,00:49:05,1,0,,,,,Заявка закончена,14:08:15,14:54:38,14:15:00,,134,153,91
489227,,ИЗ,1,24.04.2024,23.04.2024 19:24:46,00:49:05,1,0,,,,,Заявка закончена,16:33:24,17:19:02,16:30:00,,134,91,153
489109,,ИЗТ,1,24.04.2024,23.04.2024 13:11:11,00:52:45,1,0,,,,,Заявка закончена,07:58:31,09:02:10,8:00:00,,135,210,6
489112,,ИЗТ,1,24.04.2024,23.04.2024 13:13:13,00:49:10,1,0,,,,,Заявка закончена,09:09:00,09:56:08,9:10:00,,135,6,140
489113,,ИЗТ,1,24.04.2024,23.04.2024 13:14:47,00:30:00,1,0,,,,,Заявка закончена,10:59:12,11:26:40,11:15:00,,135,140,142
489114,,ИЗТ,1,24.04.2024,23.04.2024 13:15:42,00:46:30,1,0,,,,,Отмена заявки по просьбе пассажира,00:00:00,00:00:00,18:00:00,,135,62,122
489321,,ИЗТ,1,24.04.2024,24.04.2024 10:28:35,01:23:50,1,0,,,,,Не подтверждена,00:00:00,00:00:00,22:30:00,,135,226,210
489228,,ИЗ,1,24.04.2024,23.04.2024 19:40:38,00:50:10,1,0,,,,,Заявка закончена,09:41:19,10:19:36,10:00:00,,136,158,181
489312,,ИЗ,1,24.04.2024,24.04.2024 10:08:00,00:50:10,1,0,,,,,Заявка закончена,10:36:52,11:15:16,11:20:00,,136,181,158
489150,,ИК,1,24.04.2024,23.04.2024 14:24:07,01:02:40,0,4,,,,,Не подтверждена,00:00:00,00:00:00,12:00:00,,137,173,10
489151,,ИК,1,24.04.2024,23.04.2024 14:25:31,00:30:00,0,4,,,,,Заявка закончена,14:51:42,15:14:47,15:00:00,,137,32,34
489159,,РДК,1,24.04.2024,23.04.2024 14:54:16,00:48:00,0,2,,,,,Заявка закончена,15:40:47,16:46:51,15:40:00,,138,117,10
489162,,РДК,1,24.04.2024,23.04.2024 15:02:38,00:48:00,0,2,,,,,Отмена заявки по просьбе пассажира,00:00:00,00:00:00,17:40:00,,138,10,117
488045,,ИЗ,1,24.04.2024,20.04.2024 12:09:46,00:49:00,1,0,,,,,Заявка закончена,08:57:52,09:27:48,9:00:00,,139,110,126
488050,,ИЗ,1,24.04.2024,20.04.2024 12:11:43,00:54:00,1,0,,,,,Не подтверждена,00:00:00,00:00:00,14:15:00,,139,126,110
489231,,ИО,1,24.04.2024,23.04.2024 19:57:13,00:40:10,0,2,,,,,Заявка закончена,22:51:34,23:33:20,22:44:00,,140,80,12
488754,,ИЗ,1,24.04.2024,22.04.2024 12:18:59,00:58:25,1,0,,,,,Заявка закончена,07:20:29,08:12:07,7:20:00,,141,80,246
488760,,ИЗ,1,24.04.2024,22.04.2024 12:19:49,00:55:45,1,0,,,,,Заявка закончена,17:38:42,18:19:53,17:25:00,,141,246,80
489236,,РДК,1,24.04.2024,23.04.2024 20:30:32,00:45:10,0,2,,,,,Не подтверждена,00:00:00,00:00:00,9:40:00,,142,94,125
489239,,РДК,1,24.04.2024,23.04.2024 20:31:17,00:45:10,0,2,,,,,Не подтверждена,00:00:00,00:00:00,13:00:00,,142,125,94
489141,,ИЗТ,1,24.04.2024,23.04.2024 14:06:08,01:02:25,1,0,,,,,Отмена заявки по просьбе пассажира,00:00:00,00:00:00,8:00:00,,143,140,50
489142,,ИЗТ,1,24.04.2024,23.04.2024 14:06:31,01:59:35,1,0,,,,,Отмена заявки по просьбе пассажира,00:00:00,00:00:00,13:30:00,,143,51,140
488934,,ИК,1,24.04.2024,22.04.2024 23:11:23,00:59:30,0,4,,,,,Заявка закончена,17:04:26,18:04:49,17:00:00,,144,136,89
488937,,ИК,1,24.04.2024,22.04.2024 23:12:44,00:57:40,0,4,,,,,Заявка закончена,21:55:57,22:48:11,22:00:00,,144,29,136
489133,,ИЗТ,1,24.04.2024,23.04.2024 13:46:10,00:48:00,1,0,,,,,Заявка закончена,05:44:17,06:40:23,5:45:00,,145,80,65
489135,,ИЗТ,1,24.04.2024,23.04.2024 13:47:10,00:42:00,1,0,,,,,Заявка закончена,14:06:05,14:52:34,14:00:00,,145,65,80
489170,,ИЗТ,1,24.04.2024,23.04.2024 15:25:43,01:40:20,1,0,,,,,Заявка закончена,10:24:56,11:42:05,10:30:00,,146,117,64
489172,,ИЗТ,1,24.04.2024,23.04.2024 15:26:11,01:40:20,1,0,,,,,Заявка закончена,15:01:17,16:13:00,15:00:00,,146,64,117
489377,,ДИ,1,24.04.2024,24.04.2024 12:33:57,01:19:00,0,3,,,,,Не подтверждена,00:00:00,00:00:00,21:30:00,,147,37,409
488062,,ДИ,1,24.04.2024,20.04.2024 12:44:09,00:39:50,0,4,,,,,Не подтверждена,00:00:00,00:00:00,7:30:00,,148,115,109
488067,,ДИ,1,24.04.2024,20.04.2024 12:44:45,00:39:50,0,4,,,,,Отмена заявки по просьбе пассажира,00:00:00,00:00:00,15:10:00,,148,109,115
489403,,РДК,1,24.04.2024,24.04.2024 14:09:18,01:02:30,0,2,,,,,Не подтверждена,00:00:00,00:00:00,15:00:00,,149,269,57
487482,,ИО,1,24.04.2024,18.04.2024 14:44:24,01:18:20,1,0,,,,,Заявка закончена,08:57:12,09:50:31,9:00:00,,150,263,1
489452,,РДК,1,24.04.2024,24.04.2024 17:10:49,00:23:00,0,2,,,,,Отмена заявки по просьбе пассажира,00:00:00,00:00:00,17:35:00,,151,159,126
488233,,ИЗТ,1,24.04.2024,20.04.2024 22:13:53,01:14:00,1,0,,,,,Заявка закончена,10:17:03,10:58:07,10:20:00,,152,322,31
488235,,ИЗТ,1,24.04.2024,20.04.2024 22:15:52,01:14:00,1,0,,,,,Заявка закончена,17:00:57,18:10:42,17:00:00,,152,31,322
489482,,РДК,1,24.04.2024,24.04.2024 18:19:58,00:37:45,0,2,,,,,Не подтверждена,00:00:00,00:00:00,18:20:00,,153,243,88
489201,,ИЗТ,1,24.04.2024,23.04.2024 17:06:00,00:33:00,1,0,,,,,Заявка закончена,11:30:14,11:51:20,11:30:00,,154,99,91
489203,,ИЗТ,1,24.04.2024,23.04.2024 17:06:49,00:33:00,1,0,,,,,Заявка закончена,12:15:18,12:26:27,12:30:00,,154,91,99
489169,,РДК,1,24.04.2024,23.04.2024 15:25:15,00:29:00,0,2,,,,,Заявка закончена,16:47:30,17:16:08,16:40:00,,155,158,162
489171,,РДК,1,24.04.2024,23.04.2024 15:25:48,00:29:00,0,2,,,,,Заявка закончена,19:11:03,19:33:54,19:10:00,,155,162,158
487603,,ИЗ,1,24.04.2024,19.04.2024 8:36:36,01:02:00,1,0,,,,,Заявка закончена,08:59:23,10:07:19,9:00:00,,156,37,1
487609,,ИЗ,1,24.04.2024,19.04.2024 8:37:57,01:02:00,1,0,,,,,Заявка закончена,16:39:59,17:27:10,16:50:00,,156,1,37
488406,,ИЗТ,1,24.04.2024,21.04.2024 14:14:46,01:06:15,1,0,,,,,Заявка закончена,06:46:56,07:51:57,7:00:00,,157,184,246
488411,,ИЗТ,1,24.04.2024,21.04.2024 14:15:42,01:08:50,1,0,,,,,Заявка закончена,18:30:36,19:40:13,18:30:00,,157,246,184
489288,,ИЗТ,1,24.04.2024,24.04.2024 7:40:46,00:57:30,1,0,,,,,Отмена заявки по неявке пассажира,00:00:00,00:00:00,14:30:00,,158,262,209
489070,,ОГД,1,24.04.2024,23.04.2024 12:29:42,00:49:00,1,0,,,,,Заявка закончена,15:57:00,17:11:18,16:05:00,,159,250,96
489071,,ОГД,1,24.04.2024,23.04.2024 12:29:58,00:49:00,1,0,,,,,Заявка закончена,20:10:37,21:03:19,20:30:00,,159,96,250
489072,,ОГД,1,24.04.2024,23.04.2024 12:31:01,00:40:00,1,0,,,,,Заявка закончена,16:16:00,17:11:22,16:20:00,,159,151,96
489073,,ОГД,1,24.04.2024,23.04.2024 12:31:12,00:40:00,1,0,,,,,Заявка закончена,20:10:41,20:47:20,20:30:00,,159,96,151
489074,,ОГД,1,24.04.2024,23.04.2024 12:32:29,00:33:00,1,0,,,,,Отмена заявки по просьбе пассажира,00:00:00,00:00:00,16:30:00,,159,80,96
489075,,ОГД,1,24.04.2024,23.04.2024 12:32:51,00:33:00,1,0,,,,,Отмена заявки по просьбе пассажира,00:00:00,00:00:00,20:30:00,,159,96,80
489078,,ОГД,1,24.04.2024,23.04.2024 12:34:52,01:10:50,1,0,,,,,Заявка закончена,15:49:28,17:10:32,15:45:00,,159,173,96
489080,,ОГД,1,24.04.2024,23.04.2024 12:35:13,01:10:50,1,0,,,,,Заявка закончена,20:14:14,21:06:39,20:30:00,,159,96,173
489081,,ОГД,1,24.04.2024,23.04.2024 12:36:03,00:58:50,1,0,,,,,Заявка закончена,16:05:31,17:10:36,16:05:00,,159,168,96
489082,,ОГД,1,24.04.2024,23.04.2024 12:36:18,00:58:50,1,0,,,,,Заявка закончена,20:14:18,20:52:43,20:30:00,,159,96,168
489083,,ОГД,1,24.04.2024,23.04.2024 12:39:20,00:58:50,1,0,,,,,Заявка закончена,16:05:36,17:10:44,16:05:00,,159,168,96
489084,,ОГД,1,24.04.2024,23.04.2024 12:39:34,00:58:50,1,0,,,,,Заявка закончена,20:14:27,20:52:29,20:30:00,,159,96,168
489085,,ОГД,1,24.04.2024,23.04.2024 12:42:16,00:54:50,1,0,,,,,Заявка закончена,16:12:08,17:11:00,16:10:00,,159,166,96
489086,,ОГД,1,24.04.2024,23.04.2024 12:42:42,00:54:50,1,0,,,,,Заявка закончена,20:14:36,20:48:24,20:30:00,,159,96,166
489088,,ОГД,1,24.04.2024,23.04.2024 12:47:23,00:54:00,1,0,,,,,Отмена заявки по просьбе пассажира,00:00:00,00:00:00,15:55:00,,159,185,96
489089,,ОГД,1,24.04.2024,23.04.2024 12:47:43,00:54:00,1,0,,,,,Отмена заявки по просьбе пассажира,00:00:00,00:00:00,20:30:00,,159,96,185
489090,,ОГД,1,24.04.2024,23.04.2024 12:48:28,00:51:00,1,0,,,,,Заявка закончена,15:55:45,17:10:29,16:05:00,,159,184,96
489091,,ОГД,1,24.04.2024,23.04.2024 12:48:42,00:51:00,1,0,,,,,Заявка закончена,20:12:13,20:57:18,20:30:00,,159,96,184
489092,,ОГД,1,24.04.2024,23.04.2024 12:50:06,00:38:40,1,0,,,,,Заявка закончена,16:32:22,17:10:32,16:30:00,,159,130,96
489093,,ОГД,1,24.04.2024,23.04.2024 12:50:47,00:38:40,1,0,,,,,Заявка закончена,20:12:22,20:29:35,20:30:00,,159,96,130
489095,,ОГД,1,24.04.2024,23.04.2024 12:55:03,00:56:00,1,0,,,,,Заявка закончена,15:59:14,17:12:51,16:05:00,,159,66,96
489096,,ОГД,1,24.04.2024,23.04.2024 12:55:17,00:56:00,1,0,,,,,Заявка закончена,20:10:23,20:52:35,20:30:00,,159,96,66
489101,,ОГД,1,24.04.2024,23.04.2024 12:56:40,00:56:00,1,0,,,,,Заявка закончена,15:55:29,17:12:42,16:00:00,,159,66,96
489102,,ОГД,1,24.04.2024,23.04.2024 12:56:53,00:56:00,1,0,,,,,Заявка закончена,20:10:28,21:02:40,20:30:00,,159,96,66
489105,,ОГД,1,24.04.2024,23.04.2024 13:02:01,00:51:00,1,0,,,,,Отмена заявки по просьбе пассажира,00:00:00,00:00:00,16:15:00,,159,64,96
489106,,ОГД,1,24.04.2024,23.04.2024 13:02:15,00:51:00,1,0,,,,,Отмена заявки по просьбе пассажира,00:00:00,00:00:00,20:30:00,,159,96,64
489229,,ИЗТ,1,24.04.2024,23.04.2024 19:48:45,00:20:00,1,0,,,,,Заявка закончена,07:52:39,08:10:45,7:45:00,,160,6,6
489230,,ИЗТ,1,24.04.2024,23.04.2024 19:49:23,00:20:00,1,0,,,,,Заявка закончена,08:56:45,09:04:44,9:00:00,,160,6,6
488879,,ИО,1,24.04.2024,22.04.2024 18:39:08,01:03:00,0,2,,,,,Заявка закончена,17:41:04,18:40:50,17:39:00,,161,2,332
487960,,ИЗ,1,24.04.2024,20.04.2024 9:51:41,01:01:00,1,0,,,,,Заявка закончена,10:12:15,11:10:58,10:30:00,,162,364,18
487964,,ИЗ,1,24.04.2024,20.04.2024 9:52:52,01:01:00,1,0,,,,,Заявка закончена,18:17:00,18:53:51,18:15:00,,162,18,364
488871,,ИК,1,24.04.2024,22.04.2024 18:23:48,00:57:30,0,5,,,,,Заявка закончена,07:14:17,07:57:42,7:10:00,,163,6,139
488874,,ИК,1,24.04.2024,22.04.2024 18:25:04,00:34:20,0,4,,,,,Заявка закончена,12:56:32,13:12:20,13:00:00,,163,145,86
488875,,ИК,1,24.04.2024,22.04.2024 18:25:48,00:34:20,0,4,,,,,Заявка закончена,21:31:09,22:01:21,21:30:00,,163,86,145
488692,,ИЗТ,1,24.04.2024,22.04.2024 10:03:24,00:36:00,1,1,,,,,Заявка закончена,07:57:25,08:41:18,7:55:00,,164,80,29
488915,,ИЗТ,1,24.04.2024,22.04.2024 22:26:55,00:37:45,1,0,,,,,Отмена заявки по просьбе пассажира,00:00:00,00:00:00,17:30:00,,164,29,156
489334,,ИК,1,24.04.2024,24.04.2024 10:51:04,00:49:10,0,4,,,,,Не подтверждена,00:00:00,00:00:00,16:30:00,,165,15,140
488942,,ИК,1,24.04.2024,23.04.2024 5:48:37,01:05:10,0,4,,,,,Заявка закончена,12:44:22,13:41:09,12:40:00,,166,24,107
489156,,ИК,1,24.04.2024,23.04.2024 14:33:46,00:43:00,0,4,,,,,Заявка закончена,14:58:12,15:22:31,15:00:00,,166,107,8
489157,,ИК,1,24.04.2024,23.04.2024 14:34:46,00:51:30,0,4,,,,,Заявка закончена,18:30:12,19:28:23,18:30:00,,166,8,24
485000,,ПЛ,1,24.04.2024,10.04.2024 10:06:27,00:52:10,0,1,,,,,Заявка закончена,17:39:17,18:35:26,17:45:00,,167,116,34
489205,,ИЗТ,1,24.04.2024,23.04.2024 17:18:18,00:57:40,1,0,,,,,Отмена заявки по просьбе пассажира,00:00:00,00:00:00,9:30:00,,168,135,96
489258,,ИК,1,24.04.2024,23.04.2024 21:40:19,00:46:00,0,4,,,,,Не подтверждена,00:00:00,00:00:00,17:00:00,,169,198,167
488872,,ИО,1,24.04.2024,22.04.2024 18:24:05,01:01:40,0,2,,,,,Заявка закончена,06:55:06,07:46:50,6:52:00,,170,34,228
488210,,ДИ,1,24.04.2024,20.04.2024 20:06:57,00:58:50,0,3,,,,,Отмена заявки по просьбе пассажира,00:00:00,00:00:00,7:30:00,,171,168,96
489271,,ИЗ,1,24.04.2024,23.04.2024 23:40:46,00:43:00,1,0,,,,,Заявка закончена,16:10:00,16:48:35,16:00:00,,172,129,34
489323,,ИЗТ,1,24.04.2024,24.04.2024 10:30:19,01:06:40,1,0,,,,,Отмена заявки по просьбе пассажира,00:00:00,00:00:00,17:00:00,,173,25,185
484165,,ПЛ,1,24.04.2024,07.04.2024 11:21:35,00:52:30,0,1,,,,,Заявка закончена,20:29:25,21:16:28,20:20:00,,174,6,139
488784,,ИЗТ,1,24.04.2024,22.04.2024 13:26:18,00:38:00,1,0,,,,,Заявка закончена,06:46:55,07:20:12,6:45:00,,175,80,145
489209,,ДИ,1,24.04.2024,23.04.2024 18:19:22,00:46:30,0,3,,,,,Не подтверждена,00:00:00,00:00:00,13:10:00,,176,112,103
489210,,ДИ,1,24.04.2024,23.04.2024 18:19:47,00:49:00,0,3,,,,,Не подтверждена,00:00:00,00:00:00,16:10:00,,176,103,113
488337,,ИЗТ,1,24.04.2024,21.04.2024 11:11:14,01:04:00,1,0,,,,,Отмена заявки по просьбе пассажира,00:00:00,00:00:00,11:00:00,,177,251,97
489270,,ИЗТ,1,24.04.2024,2024-04-23 23:37:47,01:04:00,1,0,,,,,Заявка закончена,12:56:11,13:47:09,13:00:00,,177,251,97
488657,,ДИ,1,24.04.2024,22.04.2024 8:45:18,00:47:00,0,3,,,,,Заявка закончена,14:28:30,15:37:35,14:30:00,,178,132,73
488658,,ДИ,1,24.04.2024,22.04.2024 8:45:34,00:49:00,0,3,,,,,Заявка закончена,18:00:23,18:40:34,18:00:00,,178,73,132
488968,,ИО,1,24.04.2024,23.04.2024 8:53:31,00:46:10,0,2,,,,,Заявка закончена,09:32:59,10:15:26,9:30:00,,179,6,15
488293,,ДИ,1,24.04.2024,21.04.2024 9:55:49,00:37:00,0,2,,,,,Заявка закончена,07:43:50,08:07:48,7:45:00,,180,256,243
488298,,ДИ,1,24.04.2024,21.04.2024 9:56:28,00:37:00,0,2,,,,,Заявка закончена,15:21:38,15:47:39,15:30:00,,180,243,256
488734,,ДИ,1,24.04.2024,22.04.2024 11:30:53,00:40:40,0,5,,,,,Заявка закончена,09:00:00,09:34:28,8:58:00,,181,29,34
489152,,ИУ,1,24.04.2024,23.04.2024 14:26:26,01:28:00,0,1,,,,,Заявка закончена,08:50:00,10:18:00,8:50:00,,182,311,330
488736,,ДИ,1,24.04.2024,22.04.2024 11:33:22,00:51:15,0,3,,,,,Заявка закончена,10:04:44,10:47:19,10:10:00,,183,183,121
489129,,ДИ,1,24.04.2024,23.04.2024 13:40:03,00:54:20,0,3,,,,,Заявка закончена,12:28:34,13:16:09,12:30:00,,183,121,357
488742,,ИК,1,24.04.2024,22.04.2024 11:37:00,00:44:10,0,4,,,,,Не подтверждена,00:00:00,00:00:00,17:20:00,,184,164,128
488743,,ИК,1,24.04.2024,22.04.2024 11:37:15,00:40:55,0,4,,,,,Не подтверждена,00:00:00,00:00:00,21:30:00,,184,128,183
489311,,ИК,1,24.04.2024,24.04.2024 10:01:49,00:40:55,0,4,,,,,Не подтверждена,00:00:00,00:00:00,23:30:00,,184,128,183
489076,,ДИ,1,24.04.2024,23.04.2024 12:34:05,01:18:00,0,3,,,,,Заявка закончена,15:29:37,16:44:34,15:30:00,,185,171,66
489077,,ДИ,1,24.04.2024,23.04.2024 12:34:40,01:18:00,0,3,,,,,Заявка закончена,23:04:00,00:13:00,23:00:00,,185,66,171
488829,,РДК,1,24.04.2024,22.04.2024 16:17:43,00:36:50,0,1,,,,,Не подтверждена,00:00:00,00:00:00,9:40:00,,186,364,107
488831,,РДК,1,24.04.2024,22.04.2024 16:18:08,00:36:50,0,2,,,,,Заявка закончена,12:47:14,13:22:16,12:40:00,,186,107,364
489259,,ИЗТ,1,24.04.2024,23.04.2024 21:56:57,01:42:05,1,0,,,,,Заявка закончена,08:10:00,09:56:49,7:50:00,,187,256,35
489260,,ИЗТ,1,24.04.2024,23.04.2024 21:57:51,01:17:10,1,0,,,,,Заявка закончена,12:41:43,13:17:20,12:50:00,,187,35,157
488594,,ИЗ,1,24.04.2024,21.04.2024 21:38:34,01:06:00,1,0,,,,,Заявка закончена,12:05:41,13:15:32,12:00:00,,188,66,60
488599,,ИЗ,1,24.04.2024,21.04.2024 21:39:19,01:06:00,1,0,,,,,Заявка закончена,18:15:10,19:05:10,18:30:00,,188,60,66
488848,,ИЗТ,1,24.04.2024,22.04.2024 17:09:48,01:00:40,1,0,,,,,Заявка закончена,11:20:32,12:13:04,11:30:00,,189,1,57
488849,,ИЗТ,1,24.04.2024,22.04.2024 17:10:08,01:00:40,1,0,,,,,Заявка закончена,21:39:03,22:15:37,21:40:00,,189,57,1
488962,,ИЗТ,1,24.04.2024,23.04.2024 8:16:54,01:38:40,1,0,,,,,Заявка закончена,07:41:33,09:10:20,7:40:00,,190,110,93
488964,,ИЗТ,1,24.04.2024,23.04.2024 8:17:23,01:05:00,1,0,,,,,Заявка закончена,15:56:32,16:09:49,16:00:00,,190,111,111
488652,,ДИ,1,24.04.2024,22.04.2024 8:22:30,00:36:00,0,3,,,,,Заявка закончена,09:08:06,09:40:05,9:07:00,,191,80,103
488653,,ДИ,1,24.04.2024,22.04.2024 8:23:00,00:41:00,0,3,,,,,Заявка закончена,12:12:08,12:42:16,12:15:00,,191,103,80
489033,,ИЗ,1,24.04.2024,23.04.2024 10:37:28,00:53:40,1,0,,,,,Заявка закончена,14:30:14,15:14:00,14:40:00,,192,134,97
489034,,ИЗ,1,24.04.2024,23.04.2024 10:37:40,00:37:00,1,0,,,,,Заявка закончена,15:27:52,15:45:16,15:55:00,,192,97,90
488606,,ИО,1,24.04.2024,21.04.2024 21:47:20,00:52:00,1,0,,,,,Заявка закончена,10:09:21,10:57:50,10:00:00,,193,170,173
488610,,ИО,1,24.04.2024,21.04.2024 21:47:46,00:52:00,1,0,,,,,Заявка закончена,14:40:34,15:23:45,14:20:00,,193,173,170
488648,,ИЗ,1,24.04.2024,22.04.2024 7:49:37,01:32:20,1,0,,,,,Заявка закончена,07:01:59,08:14:29,7:00:00,,194,51,250
488098,,ДИ,1,24.04.2024,20.04.2024 13:47:51,00:53:45,0,4,,,,,Заявка закончена,09:12:47,09:54:33,9:10:00,,195,347,90
488099,,ДИ,1,24.04.2024,20.04.2024 13:48:23,00:55:45,0,4,,,,,Заявка закончена,19:03:47,19:57:41,19:00:00,,195,90,347
481912,,ИК,1,24.04.2024,30.03.2024 21:43:09,00:45:50,0,4,,,,,Отмена заявки по просьбе пассажира,00:00:00,00:00:00,7:50:00,,196,230,206
488935,,ИК,1,24.04.2024,22.04.2024 23:11:58,00:59:30,0,4,,,,,Отмена заявки по неявке пассажира,00:00:00,00:00:00,17:00:00,,197,136,89
488936,,ИК,1,24.04.2024,22.04.2024 23:12:12,00:59:30,0,4,,,,,Заявка закончена,21:55:44,22:48:07,22:00:00,,197,89,136
488584,,ИЗТ,1,24.04.2024,21.04.2024 20:41:13,00:43:50,1,0,,,,,Заявка закончена,08:55:55,09:31:21,9:00:00,,198,92,8
488988,,ИЗ,1,24.04.2024,23.04.2024 9:32:34,00:50:50,1,0,,,,,Заявка закончена,07:59:03,08:17:42,8:10:00,,199,177,97
488989,,ИЗ,1,24.04.2024,23.04.2024 9:33:00,01:23:55,1,0,,,,,Заявка закончена,15:30:33,16:52:10,15:30:00,,199,97,190
488918,,ДИ,1,24.04.2024,22.04.2024 22:44:28,00:30:00,0,2,,,,,Заявка закончена,11:30:23,12:27:44,11:30:00,,200,174,363
488926,,ДИ,1,24.04.2024,22.04.2024 22:46:21,00:30:00,0,2,,,,,Заявка закончена,14:36:52,14:48:06,14:30:00,,200,363,174
487578,,ИЗТ,1,24.04.2024,18.04.2024 21:49:53,00:28:00,1,0,,,,,Заявка закончена,10:15:57,10:40:44,10:00:00,,201,81,80
487683,,ИУ,1,24.04.2024,19.04.2024 11:46:15,01:16:20,1,0,,,,,Заявка закончена,08:46:36,10:00:23,9:00:00,,202,244,1
487686,,ИУ,1,24.04.2024,19.04.2024 11:47:10,01:16:20,1,0,,,,,Заявка закончена,17:06:14,18:23:02,17:00:00,,202,1,244
489415,,ИК,1,24.04.2024,24.04.2024 14:37:31,00:48:00,0,4,,,,,Не подтверждена,00:00:00,00:00:00,15:37:00,,203,29,96
489249,,ИК,1,24.04.2024,23.04.2024 20:37:30,01:02:40,0,4,,,,,Не подтверждена,00:00:00,00:00:00,12:00:00,,204,173,10
489250,,ИК,1,24.04.2024,23.04.2024 20:39:19,00:44:00,0,4,,,,,Не подтверждена,00:00:00,00:00:00,15:00:00,,204,10,34
488449,,ИЗ,1,24.04.2024,21.04.2024 15:21:55,00:59:00,1,0,,,,,Заявка закончена,08:42:28,09:37:16,8:40:00,,205,63,364
487917,,ИЗТ,1,24.04.2024,19.04.2024 22:55:34,01:30:30,1,0,,,,,Заявка закончена,18:07:30,19:05:09,18:15:00,,206,316,122
487918,,ИЗТ,1,24.04.2024,19.04.2024 22:56:10,01:30:30,1,0,,,,,Заявка закончена,21:58:11,22:45:11,22:10:00,,206,122,316
489062,,ИЗТ,1,24.04.2024,23.04.2024 12:17:38,01:03:00,1,0,,,,,Отмена заявки по просьбе пассажира,00:00:00,00:00:00,13:50:00,,206,311,91
489063,,ИЗТ,1,24.04.2024,23.04.2024 12:18:49,01:12:00,1,0,,,,,Отмена заявки по просьбе пассажира,00:00:00,00:00:00,17:15:00,,206,91,122
489065,,ИЗТ,1,24.04.2024,23.04.2024 12:25:58,01:30:15,1,0,,,,,Заявка закончена,11:11:57,12:50:35,11:05:00,,207,408,129
489066,,ИЗТ,1,24.04.2024,23.04.2024 12:26:20,01:31:05,1,0,,,,,Заявка закончена,17:35:26,19:10:18,17:30:00,,207,129,408
488196,,ДИ,1,24.04.2024,20.04.2024 19:36:02,00:47:00,0,3,,,,,Заявка закончена,09:54:19,10:42:31,9:50:00,,208,83,96
488198,,ДИ,1,24.04.2024,20.04.2024 19:37:09,00:46:40,0,3,,,,,Заявка закончена,16:01:46,16:56:38,16:10:00,,208,96,83
478278,,ИЗ,1,24.04.2024,18.03.2024 15:40:11,01:20:10,1,0,,,,,Заявка закончена,07:11:24,08:06:44,7:13:00,,209,422,224
478293,,ИЗ,1,24.04.2024,18.03.2024 16:02:49,01:19:10,1,0,,,,,Заявка закончена,20:27:23,21:29:54,20:20:00,,209,224,422
489103,,ДИ,1,24.04.2024,23.04.2024 12:58:24,00:30:30,0,2,,,,,Не подтверждена,00:00:00,00:00:00,9:45:00,,210,107,103
489104,,ДИ,1,24.04.2024,23.04.2024 12:58:46,00:30:30,0,2,,,,,Заявка закончена,13:59:03,14:22:32,14:00:00,,210,103,107
